{
  "polygon_1": [
    [
      8.32880921976357,
      49.01632225028797
    ],
    [
      8.328738382407508,
      49.0155476942881
    ],
    [
      8.330589225970158,
      49.01549434472889
    ],
    [
      8.330642229378064,
      49.01578929671844
    ],
    [
      8.330910336537741,
      49.01579327892463
    ],
    [
      8.330797878603903,
      49.01607016993964
    ],
    [
      8.332174042697972,
      49.016810897933624
    ],
    [
      8.332565849227393,
      49.01696997355822
    ],
    [
      8.333037207530452,
      49.01707102632582
    ],
    [
      8.334273551304761,
      49.01706659890934
    ],
    [
      8.334260861950241,
      49.01718399063736
    ],
    [
      8.34015513230537,
      49.017059161241804
    ],
    [
      8.340146817012595,
      49.016914780812414
    ],
    [
      8.34192745579054,
      49.01686459949366
    ],
    [
      8.34216965093077,
      49.01716990382113
    ],
    [
      8.341303281504992,
      49.01769334384605
    ],
    [
      8.341168976829664,
      49.01772166079371
    ],
    [
      8.339625866535528,
      49.01778032467345
    ],
    [
      8.339623063161866,
      49.01770954881661
    ],
    [
      8.335282061132887,
      49.01779189268507
    ],
    [
      8.335281090835878,
      49.017858303626014
    ],
    [
      8.33285878275845,
      49.017885937172395
    ],
    [
      8.332698125447621,
      49.017876837319704
    ],
    [
      8.33238574036693,
      49.01783573626372
    ],
    [
      8.33213029473444,
      49.01779034942402
    ],
    [
      8.331741697114126,
      49.017666286103434
    ],
    [
      8.32880921976357,
      49.01632225028797
    ]
  ],
  "polygon_2": [
    [
      8.330659776905577,
      49.015768105638045
    ],
    [
      8.330567033825474,
      49.0149295290787
    ],
    [
      8.343933489167114,
      49.01465977417345
    ],
    [
      8.34399915211128,
      49.01550659324221
    ],
    [
      8.330659776905577,
      49.015768105638045
    ]
  ],
  "polygon_3": [
    [
      8.341687444342739,
      49.013379197343454
    ],
    [
      8.33483369759773,
      49.01348585581647
    ],
    [
      8.332799632177313,
      49.01448642497655
    ],
    [
      8.332672503088531,
      49.014835103443005
    ],
    [
      8.330534422959289,
      49.01489574292751
    ],
    [
      8.330557537339246,
      49.01545665465326
    ],
    [
      8.328754615716434,
      49.01551729338007
    ],
    [
      8.328038069943688,
      49.01507766093607
    ],
    [
      8.329967412995046,
      49.014620252090566
    ],
    [
      8.334172761591446,
      49.01264269453597
    ],
    [
      8.341609653761907,
      49.01247214015032
    ],
    [
      8.341687444342739,
      49.013379197343454
    ]
  ],
  "polygon_4": [
    [
      8.324553234524927,
      49.01527274460281
    ],
    [
      8.321686288493197,
      49.01520455805698
    ],
    [
      8.333371772240014,
      49.009999923687644
    ],
    [
      8.334450211016673,
      49.00991469741797
    ],
    [
      8.334853001404099,
      49.010451620481916
    ],
    [
      8.324553234524927,
      49.01527274460281
    ]
  ],
  "polygon_5": [
    [
      8.316654321419605,
      49.01535043218814
    ],
    [
      8.313848087701302,
      49.01530875919488
    ],
    [
      8.326655977033965,
      49.009597993058065
    ],
    [
      8.326770028653158,
      49.0107294840914
    ],
    [
      8.316654321419605,
      49.01535043218814
    ]
  ],
  "polygon_6":[
    [
      8.327952883692433,
      49.01510223271393
    ],
    [
      8.32869660188345,
      49.01553596787525
    ],
    [
      8.328741494043442,
      49.01635299663167
    ],
    [
      8.302504876770115,
      49.0167229821034
    ],
    [
      8.301322492086513,
      49.01756660036588
    ],
    [
      8.298698388226882,
      49.018355322784316
    ],
    [
      8.298455160442984,
      49.01710199082902
    ],
    [
      8.300505223191152,
      49.01666901427399
    ],
    [
      8.301947216478794,
      49.0156321340574
    ],
    [
      8.327952883692433,
      49.01510223271393
    ]
  ],