{
  "portline_5": [
    [49.0104961, 8.3260471] ,
    [49.01089240844333, 8.325160498893242] ,
    [49.011288710094, 8.32427388367176] ,
    [49.01168500495179, 8.323387254335374] ,
    [49.01208129301651, 8.322500610883901] ,
    [49.012477574287956, 8.321613953317168] ,
    [49.01287384876592, 8.320727281634989] ,
    [49.01327011645021, 8.319840595837187] ,
    [49.0136663773406, 8.318953895923581] ,
    [49.0140626314369, 8.318067181893994] ,
    [49.01445887873892, 8.317180453748241] ,
    [49.01485511924643, 8.316293711486146] ,
    [49.01525135295927, 8.315406955107527]
    ],
  "portline_4": [
    [49.0104867, 8.3335792] ,
    [49.010867924825234, 8.332744797347894] ,
    [49.01124914363409, 8.331910381917652] ,
    [49.01163035642639, 8.331075953709112] ,
    [49.012011563201966, 8.330241512722107] ,
    [49.01239276396065, 8.329407058956471] ,
    [49.012773958702276, 8.328572592412037] ,
    [49.013155147426644, 8.32773811308864] ,
    [49.013536330133604, 8.326903620986117] ,
    [49.01391750682298, 8.326069116104298] ,
    [49.0142986774946, 8.32523459844302] ,
    [49.01467984214828, 8.324400068002117] ,
    [49.01506100078387, 8.323565524781424] ,
    [49.01544215340117, 8.322730968780773]
    ],
  "portline_3": [
    [49.012920699999995, 8.3413144] ,
    [49.012946144773814, 8.340173752912607] ,
    [49.012971578304786, 8.339033104659487] ,
    [49.01299700059292, 8.337892455241153] ,
    [49.01302241163818, 8.33675180465812] ,
    [49.01304781144054, 8.335611152910898] ,
    [49.0130732, 8.3344705] ,
    [49.01346270773189, 8.333698168128711] ,
    [49.013852210309295, 8.332925824171745] ,
    [49.01424170773204, 8.332153468128906] ,
    [49.0146312, 8.3313811] ,
    [49.01488338063236, 8.330721910018113]
    ],
  "portline_2": [
    [49.01511610000001, 8.343344] ,
    [49.01513359018078, 8.342556604143237] ,
    [49.015151075004155, 8.341769207733252] ,
    [49.01516855447012, 8.340981810770218] ,
    [49.01518602857866, 8.340194413254304] ,
    [49.01520349732978, 8.339407015185676] ,
    [49.01522096072347, 8.338619616564506] ,
    [49.01523841875971, 8.33783221739096] ,
    [49.01525587143852, 8.337044817665205] ,
    [49.01527331875986, 8.336257417387415] ,
    [49.015290760723744, 8.335470016557755] ,
    [49.01530819733017, 8.334682615176396] ,
    [49.015325628579106, 8.333895213243503] ,
    [49.01534305447057, 8.33310781075925] ,
    [49.01536047500455, 8.332320407723802] ,
    [49.01537789018102, 8.33153300413733] ,
    [49.0153953, 8.3307456]
    ],
  "portline_1": [
    [49.0173288, 8.341452] ,
    [49.01734260939015, 8.340653147667716] ,
    [49.01735641326593, 8.33985429489227] ,
    [49.01737021162732, 8.339055441673834] ,
    [49.017384004474316, 8.338256588012587] ,
    [49.01739779180693, 8.337457733908709] ,
    [49.01741157362513, 8.33665887936237] ,
    [49.01742534992894, 8.335860024373751] ,
    [49.01743912071833, 8.33506116894303] ,
    [49.017452885993315, 8.334262313070377] ,
    [49.01746664575388, 8.333463456755977] ,
    [49.01748039999999, 8.3326646] ,
    [49.01717365922247, 8.332011196534353] ,
    [49.016866914755845, 8.33135780112175] ,
    [49.0165601666002, 8.330704413762104] ,
    [49.016253414755624, 8.330051034455323]
    ],
  "portline_6": [
    [49.015639900000004, 8.3287443] ,
    [49.01566029778818, 8.327983424714752] ,
    [49.01568069057376, 8.327222548806018] ,
    [49.01570107835677, 8.326461672273949] ,
    [49.015721461137176, 8.325700795118696] ,
    [49.015741838914984, 8.32493991734041] ,
    [49.015762211690166, 8.324179038939247] ,
    [49.015782579462744, 8.323418159915358] ,
    [49.01580294223269, 8.32265728026889] ,
    [49.0158233, 8.3218964] ,
    [49.01584336983408, 8.321145221207873] ,
    [49.01586343479226, 8.320394041810095] ,
    [49.015883494874565, 8.319642861806816] ,
    [49.015903550080964, 8.318891681198178] ,
    [49.01592360041146, 8.318140499984327] ,
    [49.01594364586604, 8.317389318165416] ,
    [49.015963686444714, 8.316638135741584] ,
    [49.01598372214744, 8.315886952712981] ,
    [49.016043800000006, 8.3136334] ,
    [49.0160541331237, 8.312760584238186] ,
    [49.016064459664605, 8.311887768114122] ,
    [49.01607477962267, 8.311014951628042] ,
    [49.01608509299795, 8.310142134780174] ,
    [49.01609539979037, 8.309269317570749] ,
    [49.0161057, 8.3083965] ,
    [49.01614102998094, 8.307611436118568] ,
    [49.0161763546362, 8.30682637112282] ,
    [49.016211673965756, 8.306041305012926] ,
    [49.01624698796957, 8.305256237789047] ,
    [49.01628229664766, 8.30447116945135] ,
    [49.01631760000001, 8.3036861] ,
    [49.0162602, 8.3024454],
    [49.0165457, 8.3013368],
    [49.0175405, 8.2997866]
    ]
}